"Wall slice (x=10): z_over_c","Wall slice (x=10): Position[Y] (m)","Wall slice (x=10): z_over_c","Wall slice (x=10): True_Cp"
5.04222725589193,-27.518169260569607,5.04222725589193,0.2376927741210094
5.057924005813412,-27.536993141267033,5.057924005813412,0.2264097824475782
5.073544832774942,-27.555074525494547,5.073544832774942,0.2221133380177975
5.0888170155578365,-27.57227330117493,5.0888170155578365,0.21677918475007094
5.10426313493069,-27.58911250260756,5.10426313493069,0.21225291815091685
5.120073695360134,-27.605774908837972,5.120073695360134,0.21248768440196977
5.135558500641395,-27.621729851357337,5.135558500641395,0.22018856106131598
5.150870052246759,-27.637502266422068,5.150870052246759,0.22127098244994098
5.166548156524371,-27.653746064175266,5.166548156524371,0.2154789958035575
5.1824123646212925,-27.670096487321445,5.1824123646212925,0.20837213077815506
5.197822948171833,-27.68569238528606,5.197822948171833,0.20274240332562873
5.2131144196285675,-27.700693441172934,5.2131144196285675,0.20135696500455583
5.2288017854107025,-27.715591162455382,5.2288017854107025,0.20626012562854404
5.244567674041761,-27.729914016069685,5.244567674041761,0.2154521496346575
5.260012987509441,-27.7435057830526,5.260012987509441,0.23706036501051014
5.275040335298833,-27.75661569288777,5.275040335298833,0.2543359485058756
5.289537260342648,-27.769045555962812,5.289537260342648,0.276025905880194
5.431795159664993,-27.779372889020273,5.431795159664993,0.274779033437547
5.426326122576711,-27.773406242598156,5.426326122576711,0.2823271296871827
5.303391036840665,-27.78070796890703,5.303391036840665,0.31563657939294015
5.422459332147589,-27.76918762588253,5.422459332147589,0.27912570175444673
5.316322047524196,-27.791329226683857,5.316322047524196,0.3113605690610251
5.419039625040426,-27.765456771100176,5.419039625040426,0.2774081861572045
5.325660689861593,-27.79888911392618,5.325660689861593,0.45590087418865355
5.41562083129142,-27.761726912779395,5.41562083129142,0.2780135624291995
5.330592338145479,-27.773984420141286,5.330592338145479,0.3200269239845136
5.32919707179191,-27.794810613812594,5.32919707179191,0.27519753994403223
5.411259610064995,-27.75696887866723,5.411259610064995,0.271487367335499
5.331651688405984,-27.75817228038767,5.331651688405984,0.3858298798326018
5.333994570743698,-27.7232032435874,5.333994570743698,0.4303287215524654
5.396526452057316,-27.740878960215994,5.396526452057316,0.26533863147356496
5.402784919774106,-27.747719241343532,5.402784919774106,0.26533863147356496
5.406764615666006,-27.75206287768931,5.406764615666006,0.26533863147356496
5.368249179019479,-27.709694818483097,5.368249179019479,0.30298722915363635
5.3853506012907175,-27.728588442827736,5.3853506012907175,0.26644430039895234
5.336718291645582,-27.682550097916543,5.336718291645582,0.48712007001552643
5.349412703766177,-27.6888274374623,5.349412703766177,0.35528562936262487
5.338505004546505,-27.67673870135151,5.338505004546505,0.38072980954127583
4.75830646952015,-26.604471730471218,4.75830646952015,-0.9601352531912445
4.773247311672769,-26.599858816679305,4.773247311672769,-0.797960604010026
4.788084887956373,-26.600163141448242,4.788084887956373,-0.6518151168041277
4.803121742275053,-26.604941304866372,4.803121742275053,-0.5360817555134098
4.81817901655414,-26.612299468476902,4.81817901655414,-0.4722593800841356
4.833047410309007,-26.621717867912807,4.833047410309007,-0.45758404395413443
4.848387791124097,-26.632086654222206,4.848387791124097,-0.44754707123507514
4.864048825586991,-26.643508586887698,4.864048825586991,-0.45688253428290176
4.8795548677027085,-26.65611986352495,4.8795548677027085,-0.4562701284567817
4.895165557954556,-26.66847924453814,4.895165557954556,-0.4591229480369004
4.910478526037373,-26.68034043451426,4.910478526037373,-0.4588167913757686
4.92589933164345,-26.69333104041795,4.92589933164345,-0.4597829158579824
4.941583027162579,-26.707639333427892,4.941583027162579,-0.4602908806572902
4.957300365250944,-26.722998739137417,4.957300365250944,-0.4580311513644746
4.972542063546598,-26.738520459150507,4.972542063546598,-0.457148783611929
4.987706304011084,-26.754748715461005,4.987706304011084,-0.4543025394102588
5.003356319612344,-26.772371952119734,5.003356319612344,-0.4529912565771527
5.018889049226203,-26.790354669975414,5.018889049226203,-0.4511025670366614
5.034266392881037,-26.80884221797882,5.034266392881037,-0.4525327815893073
5.049528918784276,-26.829814040797153,5.049528918784276,-0.4474215155188006
5.064860752226423,-26.853122918461693,5.064860752226423,-0.44730699011582836
5.080313745442069,-26.876981289669246,5.080313745442069,-0.44614623292749866
5.096389529470784,-26.902166432595962,5.096389529470784,-0.4472004008892898
5.1113346021526525,-26.92612273114635,5.1113346021526525,-0.44699359625632074
5.126399701499949,-26.9508987001103,5.126399701499949,-0.44826123671603857
5.1424683297786515,-26.977310852908168,5.1424683297786515,-0.4492668464903948
5.15803123348995,-27.002657972786267,5.15803123348995,-0.45236229211590884
5.174044986880688,-27.029338922728325,5.174044986880688,-0.4533775367199822
5.189606000339197,-27.056142738492596,5.189606000339197,-0.4558460978599858
5.20482057459931,-27.08278319751779,5.20482057459931,-0.457300792222657
5.2198662141725976,-27.109192767029846,5.2198662141725976,-0.4601719891151088
5.235424758198967,-27.136600905814582,5.235424758198967,-0.46209113626992004
5.251243648677871,-27.165052999674323,5.251243648677871,-0.4647013486678109
5.266802810259136,-27.193732875356638,5.266802810259136,-0.46648118008133294
5.2825673793683166,-27.22320508557288,5.2825673793683166,-0.46839167543856497
5.298142498307719,-27.252265440848944,5.298142498307719,-0.4700169324127528
5.313899430768998,-27.281615892369317,5.313899430768998,-0.4728501955827715
5.329442783982756,-27.311607767280783,5.329442783982756,-0.4732557524743734
5.345036328736569,-27.34279284253954,5.345036328736569,-0.4741367732661596
5.360664743970389,-27.373659703208432,5.360664743970389,-0.4750534300970555
5.376380242686537,-27.403888353562976,5.376380242686537,-0.47670908185563227
5.3919276501544005,-27.433919003664982,5.3919276501544005,-0.47735869017032717
5.40743325868408,-27.46511924040575,5.40743325868408,-0.477251919869906
5.422946164526493,-27.49770319609608,5.422946164526493,-0.47644996373347964
5.438283035645227,-27.530529425318186,5.438283035645227,-0.4761183708188058
5.453876927162355,-27.56380315060126,5.453876927162355,-0.4758833452262577
5.469263633434011,-27.596592257688485,5.469263633434011,-0.47548570025244097
5.484841837197045,-27.62990665872141,5.484841837197045,-0.4750461105125763
5.500124360022852,-27.66294420498747,5.500124360022852,-0.47428927258064163
5.4469687405858735,-27.79592706315565,5.4469687405858735,-0.4634301829156624
5.450441097383788,-27.799715358047447,5.450441097383788,-0.4634691715663863
5.45445635392003,-27.804095949303115,5.45445635392003,-0.46352843961805357
5.4583774153771145,-27.808373774985434,5.4583774153771145,-0.46338550210082113
5.4609458613198925,-27.81117591520637,5.4609458613198925,-0.4631724381756274
5.46296262348676,-27.81337617579574,5.46296262348676,-0.4630891413612428
5.466495252653644,-27.817230227037122,5.466495252653644,-0.46303761825801504
5.469307040026692,-27.820297849508574,5.469307040026692,-0.4632373985793119
5.471119866118201,-27.822275618563385,5.471119866118201,-0.46333563873565714
5.474375723644712,-27.825827715641505,5.474375723644712,-0.4634238212237089
5.478561651832003,-27.830394507389073,5.478561651832003,-0.4631261493171788
5.515679115587197,-27.697494306328327,5.515679115587197,-0.4730081976287186
5.482550416174391,-27.83474619601507,5.482550416174391,-0.4631893053355243
5.528161315047882,-27.725749518538613,5.528161315047882,-0.4721411014484638
5.4884731653272,-27.84120783624008,5.4884731653272,-0.46283562944657347
5.535954269492493,-27.743495326169942,5.535954269492493,-0.4714968128462649
5.49657567072137,-27.850047561412893,5.49657567072137,-0.4627271726721094
5.547815393710479,-27.77042358207387,5.547815393710479,-0.4704703382332856
5.588763432422034,-27.87204535432725,5.588763432422034,-0.46410297580884513
5.584127052015063,-27.851915278237296,5.584127052015063,-0.46410297580884513
5.584554738621904,-27.853130331983245,5.584554738621904,-0.46410297580884513
5.584798412389084,-27.854468848762277,5.584798412389084,-0.46410297580884513
5.592689900117811,-27.905683746475564,5.592689900117811,-0.4588665187431984
5.50433844535911,-27.858516644867667,5.50433844535911,-0.4627153947447264
5.563165323992976,-27.804895238463477,5.563165323992976,-0.4690961893892296
5.576993351233597,-27.835812453351686,5.576993351233597,-0.46821251511053685
5.590877762864622,-27.936513508109698,5.590877762864622,-0.4592515122405219
5.512133433189668,-27.867020872485604,5.512133433189668,-0.4629040057660842
5.583160700095135,-27.944148035896724,5.583160700095135,-0.46457738738544224
5.520390455466909,-27.876029173514212,5.520390455466909,-0.46302688374286344
5.570502302335136,-27.93055859291388,5.570502302335136,-0.46227459711124186
5.528140193599569,-27.884484034316056,5.528140193599569,-0.4628743568167017
5.555843861582531,-27.91469235470891,5.555843861582531,-0.4627402032802241
5.539918839614145,-27.897334379809376,5.539918839614145,-0.4622262193055549
5.026714607531687,-27.498913412011706,5.026714607531687,0.25366446495678596
4.980039654189184,-27.43849204287413,4.980039654189184,0.2918011306181967
5.0113733177528275,-27.479399307104355,5.0113733177528275,0.26926279311727824
4.933631589082907,-27.37322855703316,4.933631589082907,0.3436128300829779
4.91825569162166,-27.35057566026517,4.91825569162166,0.36434400865592315
4.902966951468869,-27.327299664710047,4.902966951468869,0.3881289866369358
4.8874207695559875,-27.303068753320026,4.8874207695559875,0.4155282737792921
4.96480472109338,-27.417548819907154,4.96480472109338,0.3071199683461012
4.995561718660632,-27.459083839850774,4.995561718660632,0.27294664655961076
4.949147027706928,-27.395529720839583,4.949147027706928,0.3278376945747661
4.87124203939954,-27.27742416120433,4.87124203939954,0.4432466032081378
4.855696575835168,-27.252496837122436,4.855696575835168,0.46828748044257235
4.840547325533244,-27.227891578072224,4.840547325533244,0.4909601782433971
4.825358148040522,-27.202673477133978,4.825358148040522,0.5211417270521216
4.809805609292248,-27.176231737895904,4.809805609292248,0.5546675461278053
4.793847017201628,-27.14871683365348,4.793847017201628,0.5874751778585925
4.778327278138306,-27.12144010893729,4.778327278138306,0.6236602866170505
4.7625071935008805,-27.092778280517308,4.7625071935008805,0.66890051516002
4.746965991508034,-27.064154479340253,4.746965991508034,0.7130550170682676
4.731165400110314,-27.034813233234647,4.731165400110314,0.7632206643372563
4.715650278637241,-27.0056408247102,4.715650278637241,0.8138055018126458
4.70020357154047,-26.975934664408783,4.70020357154047,0.8745675731041398
4.685484180482334,-26.94674481729436,4.685484180482334,0.9368279838919742
4.673235528991093,-26.916336792065966,4.673235528991093,1.0031879711547598
4.664277350649627,-26.877992136459426,4.664277350649627,0.8791711559380717
4.660099547894227,-26.834153213380766,4.660099547894227,0.2943113106040654
4.659948161347586,-26.789660670635136,4.659948161347586,-0.6550411583956968
4.743306520129913,-26.61258298914497,4.743306520129913,-1.1492484793687143
4.663809034548748,-26.747283107683693,4.663809034548748,-1.8977406661124563
4.728826689871866,-26.624358774858695,4.728826689871866,-1.2504928884862359
4.672692545475272,-26.708914866086545,4.672692545475272,-2.5455716661236876
4.684990183425342,-26.6813358623916,4.684990183425342,-2.203605511808259
4.714376375192138,-26.64052858151078,4.714376375192138,-1.2311396056420731
4.699139471400599,-26.660573342594503,4.699139471400599,-1.399783009226578
